{"stats":{"minecraft:killed_by":{"minecraft:player":3,"minecraft:creeper":1,"minecraft:zombie":1,"alexsmobs:grizzly_bear":1},"minecraft:broken":{"minecraft:iron_shovel":1,"more_useful_copper:copper_boots":1,"more_useful_copper:copper_helmet":1,"minecraft:iron_axe":1},"minecraft:mined":{"croptopia:greenbean_crop":1,"minecraft:dark_oak_log":84,"minecraft:grass_block":268,"minecraft:oxeye_daisy":1,"biomesoplenty:jacaranda_log":56,"minecraft:furnace":2,"minecraft:fire":4,"croptopia:tea_crop":1,"minecraft:target":2,"minecraft:moss_carpet":1,"minecraft:pumpkin":1,"treechop:chopped_log":5,"minecraft:fletching_table":1,"biomesoplenty:magic_log":62,"minecraft:dirt_path":1,"minecraft:water_cauldron":1,"minecraft:stone":21,"biomesoplenty:magic_door":3,"minecraft:tripwire":1,"minecraft:smithing_table":1,"biomesoplenty:jacaranda_planks":3,"minecraft:brown_carpet":18,"minecraft:crafting_table":8,"minecraft:torch":2,"minecraft:poppy":2,"minecraft:chest":1,"minecraft:copper_ore":18,"minecraft:cobblestone":1,"biomesoplenty:sprout":2,"minecraft:sugar_cane":4,"minecraft:birch_log":24,"minecraft:grass":22,"minecraft:coal_ore":18,"minecraft:oak_log":53,"biomesoplenty:redwood_leaves":1,"minecraft:dirt":25,"minecraft:cobweb":3,"biomesoplenty:redwood_wood":3,"minecraft:oak_leaves":7},"minecraft:dropped":{"minecraft:iron_ingot":9,"croptopia:turnip_seed":2,"biomesoplenty:jacaranda_sapling":1,"minecraft:cooked_beef":59,"minecraft:oak_log":24,"biomesoplenty:redwood_wood":69,"minecraft:crafting_table":1,"minecraft:dark_oak_sapling":24,"minecraft:pitcher_pod":3,"minecraft:feather":3,"minecraft:cobblestone":1,"minecraft:leather":2,"minecraft:apple":69,"minecraft:coal":20,"minecraft:red_mushroom":13,"minecraft:stick":46,"minecraft:dark_oak_log":50,"minecraft:torch":2,"croptopia:zucchini_seed":2,"tombstone:grave_dust":2,"minecraft:pumpkin":1,"minecraft:iron_axe":1,"croptopia:mustard_seed":2,"minecraft:string":4,"minecraft:dandelion":4,"minecraft:bone":3,"alexsmobs:maggot":2,"minecraft:sugar_cane":5,"minecraft:wheat":9,"minecraft:rotten_flesh":8,"minecraft:oak_planks":1,"alexsmobs:bear_fur":3,"minecraft:pumpkin_seeds":1,"minecraft:oak_sapling":6,"minecraft:brown_carpet":6,"minecraft:arrow":5,"hunters_return:boomerang":2,"minecraft:beef":3,"croptopia:mustard":1},"minecraft:picked_up":{"minecraft:crafting_table":9,"minecraft:wheat":9,"minecraft:azure_bluet":1,"croptopia:peach":9,"minecraft:smithing_table":1,"biomesoplenty:jacaranda_sapling":23,"minecraft:enchanted_book":2,"minecraft:string":13,"croptopia:cantaloupe":1,"minecraft:raw_copper":60,"minecraft:iron_axe":1,"minecraft:iron_leggings":1,"croptopia:bellpepper_seed":2,"croptopia:pear":10,"hunters_return:boomerang":2,"croptopia:tomato_seed":1,"minecraft:beef":3,"minecraft:oak_boat":3,"minecraft:poppy":2,"croptopia:mustard_seed":4,"biomesoplenty:redwood_wood":248,"minecraft:sugar_cane":5,"minecraft:chest":1,"minecraft:birch_sapling":8,"minecraft:furnace":2,"minecraft:dark_oak_sapling":24,"minecraft:stick":39,"croptopia:greenbean_seed":1,"minecraft:torch":8,"croptopia:almond":8,"minecraft:target":2,"tombstone:grave_dust":4,"croptopia:strawberry":1,"minecraft:cauldron":1,"minecraft:brown_carpet":6,"minecraft:arrow":16,"croptopia:cantaloupe_seed":2,"minecraft:rotten_flesh":9,"biomesoplenty:jacaranda_log":54,"croptopia:strawberry_seed":2,"biomesoplenty:redwood_sapling":8,"supplementaries:ash":1,"alexsmobs:flying_fish":1,"alexsmobs:lobster_tail":1,"minecraft:cobblestone":22,"minecraft:oxeye_daisy":1,"minecraft:birch_log":23,"minecraft:feather":3,"minecraft:cooked_beef":59,"minecraft:leather":2,"minecraft:red_mushroom":13,"alexsmobs:bear_fur":4,"minecraft:oak_log":47,"croptopia:walnut":13,"biomesoplenty:jacaranda_planks":3,"minecraft:gunpowder":2,"minecraft:dirt":291,"tombstone:gift":2,"minecraft:bone":3,"minecraft:apple":71,"minecraft:bow":1,"minecraft:wheat_seeds":4,"croptopia:bellpepper":1,"minecraft:iron_ingot":9,"biomesoplenty:magic_log":62,"tombstone:bag_of_seeds":1,"croptopia:tomato":1,"minecraft:fletching_table":1,"croptopia:turnip_seed":2,"minecraft:pitcher_pod":3,"croptopia:lime":6,"biomesoplenty:magic_sapling":23,"minecraft:pumpkin":2,"croptopia:mustard":2,"minecraft:dandelion":7,"minecraft:sand":1,"biomesoplenty:magic_door":5,"minecraft:dark_oak_log":50,"alexsmobs:raw_catfish":3,"minecraft:pumpkin_seeds":1,"minecraft:emerald":2,"alexsmobs:maggot":4,"minecraft:oak_sapling":11,"croptopia:zucchini_seed":2,"minecraft:coal":38},"minecraft:used":{"minecraft:netherite_sword":2,"minecraft:iron_shovel":299,"minecraft:chest":4,"minecraft:shield":48,"minecraft:iron_sword":168,"minecraft:torch":49,"minecraft:dirt":138,"alexsmobs:maggot":2,"biomesoplenty:redwood_wood":3,"minecraft:iron_axe":425,"alexsmobs:cooked_lobster_tail":1,"minecraft:birch_sapling":7,"biomesoplenty:jacaranda_sapling":11,"minecraft:bow":5,"minecraft:furnace":3,"minecraft:oak_sapling":3,"tombstone:gift":4,"supplementaries:statue":1,"croptopia:strawberry":1,"more_useful_copper:copper_boots":1,"minecraft:iron_leggings":1,"alexsmobs:cooked_catfish":3,"croptopia:tomato":1,"minecraft:stone_pickaxe":1,"croptopia:walnut":3,"minecraft:crafting_table":9,"biomesoplenty:jacaranda_planks":119,"minecraft:oak_log":7,"tombstone:bag_of_seeds":2,"more_useful_copper:copper_chestplate":1,"minecraft:apple":2,"biomesoplenty:magic_door":7,"more_useful_copper:copper_helmet":1,"minecraft:string":1,"minecraft:iron_pickaxe":61,"minecraft:leather_helmet":1,"minecraft:stone_axe":24,"minecraft:cobblestone":10,"minecraft:cooked_porkchop":8,"minecraft:smithing_table":1,"aquaculture:stone_fillet_knife":1,"minecraft:birch_log":3,"minecraft:oak_boat":3,"alexsmobs:animal_dictionary":6,"croptopia:cantaloupe":1,"minecraft:dandelion":2},"minecraft:killed":{"alexsmobs:lobster":2,"minecraft:spider":3,"alexsmobs:seagull":2,"alexsmobs:sugar_glider":1,"minecraft:skeleton":6,"alexsmobs:blue_jay":1,"minecraft:drowned":2,"alexsmobs:flying_fish":1,"alexsmobs:grizzly_bear":1,"hunters_return:hunter":4,"alexsmobs:seal":1,"minecraft:creeper":2,"alexsmobs:catfish":1,"tinyskeletons:baby_skeleton":1,"minecraft:zombie":11,"alexsmobs:fly":1,"alexsmobs:crow":2,"minecraft:enderman":1},"minecraft:crafted":{"minecraft:oak_planks":28,"more_useful_copper:copper_boots":1,"more_useful_copper:copper_helmet":1,"minecraft:furnace":1,"more_useful_copper:copper_chestplate":1,"minecraft:chest":4,"biomesoplenty:magic_planks":12,"alexsmobs:cooked_catfish":3,"biomesoplenty:magic_door":3,"minecraft:red_dye":2,"sophisticatedbackpacks:backpack":5,"biomesoplenty:jacaranda_planks":168,"alexsmobs:cooked_lobster_tail":1,"minecraft:crafting_table":1,"biomesoplenty:redwood_planks":16,"minecraft:copper_ingot":17,"minecraft:birch_planks":32,"minecraft:air":0,"minecraft:oak_boat":1,"minecraft:yellow_dye":1,"minecraft:stick":36,"aquaculture:stone_fillet_knife":1,"minecraft:iron_shovel":2,"minecraft:light_gray_dye":1,"minecraft:torch":68},"minecraft:custom":{"minecraft:interact_with_smithing_table":1,"minecraft:mob_kills":43,"minecraft:interact_with_crafting_table":35,"minecraft:open_barrel":27,"minecraft:leave_game":1,"minecraft:time_since_death":58322,"minecraft:climb_one_cm":2219,"minecraft:sprint_one_cm":119578,"minecraft:walk_one_cm":304910,"minecraft:damage_blocked_by_shield":1691,"minecraft:drop":70,"minecraft:damage_dealt_absorbed":80,"minecraft:play_time":178268,"minecraft:sneak_time":553,"minecraft:deaths":9,"minecraft:walk_under_water_one_cm":6086,"minecraft:jump":948,"minecraft:walk_on_water_one_cm":18027,"minecraft:total_world_time":178268,"minecraft:interact_with_furnace":12,"tombstone:raider_killed":4,"minecraft:sleep_in_bed":1,"minecraft:time_since_rest":55159,"minecraft:damage_taken":2940,"minecraft:damage_dealt":8288,"minecraft:swim_one_cm":22337,"minecraft:fly_one_cm":395609,"minecraft:open_chest":29,"minecraft:crouch_one_cm":1079,"tombstone:undead_killed":20,"minecraft:fall_one_cm":19253}},"DataVersion":3465}