{"stats":{"minecraft:killed_by":{"minecraft:creeper":1,"minecraft:zombie":1,"alexsmobs:grizzly_bear":1,"minecraft:player":3},"minecraft:broken":{"minecraft:iron_shovel":2,"more_useful_copper:copper_helmet":1,"more_useful_copper:copper_chestplate":1,"more_useful_copper:copper_boots":1,"vanillaplustools:stone_hammer":1,"minecraft:iron_axe":2},"minecraft:dropped":{"minecraft:oak_log":24,"minecraft:cooked_beef":59,"minecraft:crafting_table":1,"croptopia:cucumber":1,"minecraft:dark_oak_sapling":24,"minecraft:pitcher_pod":3,"minecraft:leather":2,"minecraft:red_mushroom":13,"minecraft:dirt":47,"minecraft:dark_oak_log":50,"biomesoplenty:stripped_redwood_wood":2,"croptopia:pepper":1,"croptopia:mustard_seed":2,"minecraft:bone":3,"minecraft:sugar_cane":5,"minecraft:wheat":9,"minecraft:rotten_flesh":17,"minecraft:oak_planks":1,"minecraft:arrow":5,"minecraft:beef":3,"croptopia:mustard":1,"minecraft:iron_ingot":9,"croptopia:turnip_seed":2,"biomesoplenty:jacaranda_sapling":26,"minecraft:wheat_seeds":9,"biomesoplenty:redwood_wood":69,"minecraft:feather":3,"minecraft:cobblestone":172,"minecraft:apple":69,"minecraft:coal":20,"minecraft:stick":47,"minecraft:oxeye_daisy":1,"croptopia:greenbean":1,"minecraft:torch":3,"croptopia:zucchini_seed":2,"croptopia:lettuce":1,"tombstone:grave_dust":2,"minecraft:pumpkin":1,"minecraft:iron_axe":1,"minecraft:string":4,"minecraft:dandelion":4,"alexsmobs:maggot":2,"croptopia:cucumber_seed":3,"croptopia:cabbage_seed":3,"alexsmobs:bear_fur":3,"minecraft:pumpkin_seeds":1,"croptopia:bellpepper_seed":2,"minecraft:andesite":64,"minecraft:oak_sapling":10,"minecraft:brown_carpet":6,"hunters_return:boomerang":2,"minecraft:stone_pickaxe":15},"minecraft:mined":{"croptopia:greenbean_crop":1,"macawsroofsbop:redwood_planks_attic_roof":2,"mcwwindows:cherry_pane_window":13,"minecraft:cherry_log":35,"croptopia:mustard_crop":1,"minecraft:granite":224,"minecraft:grass_block":310,"minecraft:oxeye_daisy":1,"croptopia:tea_crop":1,"minecraft:fire":4,"minecraft:target":2,"minecraft:pumpkin":1,"minecraft:moss_carpet":1,"minecraft:fletching_table":1,"mcwwindows:cherry_window":5,"minecraft:water_cauldron":1,"minecraft:dirt_path":1,"minecraft:tripwire":1,"biomesoplenty:jacaranda_leaves":2,"biomesoplenty:jacaranda_planks":27,"minecraft:torch":2,"minecraft:poppy":2,"mcwroofs:diorite_roof":6,"minecraft:chest":1,"mcwroofs:diorite_lower_roof":1,"minecraft:cobblestone":1,"minecraft:sugar_cane":4,"biomesoplenty:magic_planks":6,"minecraft:birch_log":24,"biomesoplenty:stripped_magic_log":1,"minecraft:grass":41,"minecraft:oak_log":53,"minecraft:sand":192,"minecraft:dirt":31,"minecraft:stonecutter":8,"minecraft:oak_leaves":9,"croptopia:cabbage_crop":1,"croptopia:cucumber_crop":1,"minecraft:dark_oak_log":84,"biomesoplenty:jacaranda_log":140,"minecraft:furnace":2,"minecraft:andesite":112,"treechop:chopped_log":5,"mcwroofs:diorite_upper_lower_roof":1,"biomesoplenty:magic_log":69,"minecraft:stone":366,"biomesoplenty:magic_door":4,"minecraft:smithing_table":1,"minecraft:brown_carpet":18,"croptopia:lettuce_crop":1,"minecraft:crafting_table":8,"minecraft:copper_ore":25,"minecraft:tall_grass":1,"biomesoplenty:sprout":2,"mcwpaths:granite_running_bond":11,"minecraft:diorite":385,"minecraft:coal_ore":18,"biomesoplenty:redwood_leaves":1,"biomesoplenty:stripped_redwood_wood":4,"minecraft:cobweb":3,"biomesoplenty:redwood_wood":3},"minecraft:picked_up":{"minecraft:wheat":9,"mcwwindows:cherry_pane_window":13,"minecraft:smithing_table":1,"biomesoplenty:stripped_redwood_wood":6,"minecraft:enchanted_book":2,"croptopia:cabbage_seed":6,"minecraft:raw_copper":81,"minecraft:string":13,"croptopia:cantaloupe":1,"croptopia:lettuce":2,"minecraft:iron_leggings":1,"hunters_return:boomerang":2,"croptopia:mustard_seed":6,"biomesoplenty:redwood_wood":248,"mcwpaths:granite_running_bond":11,"minecraft:furnace":2,"mcwroofs:diorite_lower_roof":1,"minecraft:stick":70,"croptopia:cucumber":2,"minecraft:torch":12,"croptopia:almond":8,"minecraft:target":2,"minecraft:cherry_log":30,"tombstone:grave_dust":4,"minecraft:diorite":385,"minecraft:cauldron":1,"minecraft:brown_carpet":6,"macawsroofsbop:redwood_planks_attic_roof":2,"minecraft:rotten_flesh":18,"supplementaries:ash":1,"alexsmobs:lobster_tail":1,"alexsmobs:flying_fish":1,"croptopia:cabbage":1,"minecraft:cobblestone":510,"minecraft:birch_log":23,"croptopia:lettuce_seed":1,"minecraft:feather":3,"minecraft:cooked_beef":59,"minecraft:andesite":176,"alexsmobs:bear_fur":4,"croptopia:walnut":13,"minecraft:dirt":388,"minecraft:bone":3,"croptopia:corn":1,"minecraft:bow":1,"minecraft:stonecutter":8,"minecraft:wheat_seeds":9,"croptopia:bellpepper":3,"minecraft:fletching_table":1,"croptopia:lime":6,"minecraft:pitcher_pod":3,"biomesoplenty:magic_sapling":23,"croptopia:mustard":3,"minecraft:sand":193,"croptopia:oat":1,"minecraft:dark_oak_log":50,"biomesoplenty:magic_planks":6,"minecraft:granite":224,"minecraft:emerald":2,"alexsmobs:maggot":4,"minecraft:oak_sapling":13,"mcwroofs:diorite_roof":6,"croptopia:zucchini_seed":2,"minecraft:crafting_table":9,"minecraft:azure_bluet":1,"croptopia:peach":9,"biomesoplenty:jacaranda_sapling":86,"minecraft:iron_axe":1,"croptopia:bellpepper_seed":6,"croptopia:soybean":1,"croptopia:pear":10,"croptopia:tomato_seed":1,"minecraft:beef":3,"minecraft:oak_boat":3,"croptopia:pepper_seed":1,"minecraft:poppy":2,"minecraft:sugar_cane":5,"minecraft:chest":1,"minecraft:birch_sapling":8,"minecraft:dark_oak_sapling":24,"croptopia:corn_seed":1,"croptopia:soybean_seed":1,"croptopia:greenbean_seed":3,"croptopia:strawberry":1,"minecraft:arrow":16,"croptopia:cantaloupe_seed":2,"biomesoplenty:jacaranda_log":128,"croptopia:strawberry_seed":2,"biomesoplenty:redwood_sapling":8,"croptopia:pepper":2,"minecraft:oxeye_daisy":3,"minecraft:leather":2,"minecraft:red_mushroom":13,"biomesoplenty:stripped_magic_log":1,"minecraft:oak_log":47,"minecraft:gunpowder":2,"biomesoplenty:jacaranda_planks":25,"tombstone:gift":2,"minecraft:apple":71,"minecraft:iron_ingot":9,"minecraft:stone_pickaxe":15,"biomesoplenty:magic_log":69,"croptopia:tomato":1,"tombstone:bag_of_seeds":1,"croptopia:turnip_seed":2,"mcwroofs:diorite_upper_lower_roof":1,"minecraft:pumpkin":2,"minecraft:dandelion":7,"croptopia:cucumber_seed":6,"biomesoplenty:magic_door":6,"alexsmobs:raw_catfish":3,"minecraft:pumpkin_seeds":1,"croptopia:oat_seed":2,"minecraft:cherry_sapling":24,"croptopia:greenbean":2,"mcwwindows:cherry_window":5,"minecraft:coal":38},"minecraft:used":{"minecraft:cherry_sapling":10,"minecraft:iron_shovel":514,"minecraft:chest":4,"minecraft:shield":48,"minecraft:iron_sword":185,"mcwroofs:diorite_roof":126,"minecraft:birch_sapling":7,"alexsmobs:cooked_lobster_tail":1,"mcwpaths:granite_running_bond":173,"biomesoplenty:jacaranda_sapling":19,"minecraft:bow":9,"minecraft:oak_sapling":3,"minecraft:furnace":4,"croptopia:tomato":1,"biomesoplenty:magic_log":8,"minecraft:stone_pickaxe":1,"biomesoplenty:magic_planks":6,"biomesoplenty:jacaranda_planks":245,"more_useful_copper:copper_helmet":1,"minecraft:string":1,"minecraft:smithing_table":1,"minecraft:birch_log":3,"minecraft:oak_boat":3,"croptopia:cantaloupe":1,"minecraft:netherite_sword":2,"vanillaplustools:stone_hammer":131,"macawsroofsbop:redwood_planks_attic_roof":2,"minecraft:torch":76,"minecraft:dirt":142,"mcwroofs:diorite_upper_lower_roof":14,"mcwroofs:diorite_lower_roof":14,"alexsmobs:maggot":2,"minecraft:iron_axe":631,"biomesoplenty:redwood_wood":31,"biomesoplenty:jacaranda_log":32,"tombstone:gift":4,"supplementaries:statue":1,"croptopia:strawberry":1,"more_useful_copper:copper_boots":1,"minecraft:iron_leggings":1,"alexsmobs:cooked_catfish":3,"croptopia:walnut":3,"minecraft:stonecutter":8,"minecraft:crafting_table":10,"mcwwindows:cherry_pane_window":25,"tombstone:bag_of_seeds":2,"minecraft:oak_log":7,"more_useful_copper:copper_chestplate":1,"minecraft:apple":2,"biomesoplenty:magic_door":8,"minecraft:iron_pickaxe":117,"minecraft:leather_helmet":1,"minecraft:stone_axe":24,"minecraft:cobblestone":10,"mcwwindows:cherry_window":49,"minecraft:cooked_porkchop":15,"aquaculture:stone_fillet_knife":1,"alexsmobs:animal_dictionary":9,"minecraft:dandelion":2},"minecraft:killed":{"alexsmobs:lobster":2,"minecraft:spider":3,"minecraft:skeleton":6,"alexsmobs:grizzly_bear":1,"hunters_return:hunter":4,"alexsmobs:seal":1,"minecraft:creeper":2,"tinyskeletons:baby_skeleton":1,"minecraft:zombie":16,"alexsmobs:fly":1,"alexsmobs:seagull":2,"alexsmobs:sugar_glider":1,"alexsmobs:blue_jay":1,"minecraft:drowned":2,"alexsmobs:flying_fish":1,"alexsmobs:catfish":1,"alexsmobs:crow":2,"minecraft:enderman":1},"minecraft:crafted":{"minecraft:oak_planks":44,"more_useful_copper:copper_boots":1,"more_useful_copper:copper_helmet":1,"minecraft:stone":24,"minecraft:glass":96,"more_useful_copper:copper_chestplate":1,"mcwwindows:cherry_window":44,"minecraft:chest":4,"alexsmobs:cooked_catfish":3,"mcwwindows:cherry_pane_window":16,"sophisticatedbackpacks:backpack":5,"biomesoplenty:jacaranda_planks":224,"minecraft:crafting_table":2,"minecraft:copper_ingot":17,"minecraft:birch_planks":68,"mcwroofs:diorite_upper_lower_roof":6,"minecraft:yellow_dye":1,"mcwwindows:window_base":68,"minecraft:stick":180,"minecraft:light_gray_dye":1,"minecraft:cherry_planks":12,"mcwroofs:diorite_lower_roof":2,"vanillaplustools:stone_hammer":1,"minecraft:furnace":2,"mcwroofs:diorite_roof":6,"minecraft:iron_axe":1,"minecraft:stone_pickaxe":11,"biomesoplenty:magic_planks":28,"macawsroofsbop:redwood_planks_attic_roof":4,"biomesoplenty:magic_door":3,"minecraft:red_dye":2,"alexsmobs:cooked_lobster_tail":1,"biomesoplenty:redwood_planks":16,"minecraft:air":0,"minecraft:oak_boat":1,"aquaculture:stone_fillet_knife":1,"mcwpaths:granite_running_bond":18,"minecraft:iron_shovel":2,"minecraft:stonecutter":1,"minecraft:torch":68},"minecraft:custom":{"minecraft:interact_with_crafting_table":60,"minecraft:open_barrel":27,"minecraft:leave_game":1,"minecraft:time_since_death":172322,"minecraft:sprint_one_cm":206305,"minecraft:damage_blocked_by_shield":1691,"minecraft:drop":111,"minecraft:play_time":292268,"minecraft:deaths":9,"minecraft:jump":1540,"minecraft:walk_on_water_one_cm":18027,"minecraft:interact_with_furnace":26,"minecraft:sleep_in_bed":1,"minecraft:damage_dealt":9338,"minecraft:crouch_one_cm":17165,"tombstone:undead_killed":25,"minecraft:interact_with_smithing_table":1,"minecraft:mob_kills":48,"minecraft:climb_one_cm":2219,"minecraft:walk_one_cm":656645,"minecraft:damage_dealt_absorbed":80,"minecraft:sneak_time":6889,"minecraft:walk_under_water_one_cm":6086,"minecraft:total_world_time":292268,"tombstone:raider_killed":4,"minecraft:interact_with_stonecutter":23,"minecraft:time_since_rest":169159,"minecraft:damage_taken":3552,"minecraft:swim_one_cm":22337,"minecraft:fly_one_cm":553322,"minecraft:open_chest":76,"minecraft:fall_one_cm":36675}},"DataVersion":3465}