{"stats":{"minecraft:killed_by":{"minecraft:player":3,"minecraft:creeper":1,"minecraft:zombie":1,"alexsmobs:grizzly_bear":1},"minecraft:broken":{"minecraft:iron_shovel":1,"more_useful_copper:copper_boots":1,"more_useful_copper:copper_helmet":1,"minecraft:iron_axe":1},"minecraft:mined":{"croptopia:cucumber_crop":1,"croptopia:greenbean_crop":1,"minecraft:cherry_log":16,"minecraft:dark_oak_log":84,"minecraft:granite":224,"minecraft:grass_block":307,"minecraft:oxeye_daisy":1,"biomesoplenty:jacaranda_log":61,"minecraft:furnace":2,"minecraft:fire":4,"croptopia:tea_crop":1,"minecraft:andesite":107,"minecraft:target":2,"minecraft:moss_carpet":1,"minecraft:pumpkin":1,"treechop:chopped_log":5,"minecraft:fletching_table":1,"biomesoplenty:magic_log":69,"minecraft:dirt_path":1,"minecraft:water_cauldron":1,"minecraft:stone":337,"biomesoplenty:magic_door":3,"minecraft:tripwire":1,"minecraft:smithing_table":1,"biomesoplenty:jacaranda_planks":3,"minecraft:brown_carpet":18,"croptopia:lettuce_crop":1,"minecraft:crafting_table":8,"minecraft:torch":2,"minecraft:poppy":2,"minecraft:chest":1,"minecraft:copper_ore":25,"minecraft:cobblestone":1,"biomesoplenty:sprout":2,"minecraft:sugar_cane":4,"mcwpaths:granite_running_bond":10,"minecraft:diorite":148,"biomesoplenty:magic_planks":6,"minecraft:birch_log":24,"biomesoplenty:stripped_magic_log":1,"minecraft:grass":40,"minecraft:coal_ore":18,"minecraft:oak_log":53,"biomesoplenty:redwood_leaves":1,"minecraft:sand":52,"minecraft:dirt":30,"biomesoplenty:stripped_redwood_wood":4,"minecraft:cobweb":3,"biomesoplenty:redwood_wood":3,"minecraft:oak_leaves":9,"croptopia:cabbage_crop":1},"minecraft:dropped":{"minecraft:iron_ingot":9,"croptopia:turnip_seed":2,"biomesoplenty:jacaranda_sapling":1,"minecraft:wheat_seeds":9,"minecraft:cooked_beef":59,"minecraft:oak_log":24,"biomesoplenty:redwood_wood":69,"minecraft:crafting_table":1,"minecraft:dark_oak_sapling":24,"minecraft:pitcher_pod":3,"minecraft:feather":3,"minecraft:cobblestone":44,"minecraft:leather":2,"minecraft:apple":69,"minecraft:coal":20,"minecraft:red_mushroom":13,"minecraft:stick":46,"minecraft:dirt":47,"minecraft:dark_oak_log":50,"biomesoplenty:stripped_redwood_wood":2,"minecraft:torch":2,"croptopia:zucchini_seed":2,"tombstone:grave_dust":2,"minecraft:pumpkin":1,"minecraft:iron_axe":1,"croptopia:mustard_seed":2,"minecraft:string":4,"minecraft:dandelion":4,"minecraft:bone":3,"alexsmobs:maggot":2,"minecraft:sugar_cane":5,"minecraft:wheat":9,"minecraft:rotten_flesh":16,"minecraft:oak_planks":1,"alexsmobs:bear_fur":3,"minecraft:pumpkin_seeds":1,"minecraft:oak_sapling":10,"minecraft:brown_carpet":6,"minecraft:arrow":5,"hunters_return:boomerang":2,"minecraft:stone_pickaxe":15,"minecraft:beef":3,"croptopia:mustard":1},"minecraft:picked_up":{"minecraft:crafting_table":9,"minecraft:wheat":9,"minecraft:azure_bluet":1,"croptopia:peach":9,"minecraft:smithing_table":1,"biomesoplenty:stripped_redwood_wood":6,"biomesoplenty:jacaranda_sapling":28,"minecraft:enchanted_book":2,"croptopia:cabbage_seed":3,"croptopia:lettuce":1,"minecraft:string":13,"croptopia:cantaloupe":1,"minecraft:raw_copper":81,"minecraft:iron_axe":1,"minecraft:iron_leggings":1,"croptopia:soybean":1,"croptopia:bellpepper_seed":4,"croptopia:pear":10,"hunters_return:boomerang":2,"croptopia:tomato_seed":1,"minecraft:beef":3,"minecraft:oak_boat":3,"croptopia:pepper_seed":1,"minecraft:poppy":2,"croptopia:mustard_seed":5,"biomesoplenty:redwood_wood":248,"minecraft:sugar_cane":5,"minecraft:chest":1,"minecraft:birch_sapling":8,"mcwpaths:granite_running_bond":10,"minecraft:furnace":2,"minecraft:dark_oak_sapling":24,"minecraft:stick":51,"croptopia:corn_seed":1,"croptopia:cucumber":1,"croptopia:soybean_seed":1,"croptopia:greenbean_seed":3,"minecraft:torch":11,"croptopia:almond":8,"minecraft:target":2,"minecraft:cherry_log":16,"minecraft:diorite":148,"tombstone:grave_dust":4,"croptopia:strawberry":1,"minecraft:cauldron":1,"minecraft:brown_carpet":6,"minecraft:arrow":16,"croptopia:cantaloupe_seed":2,"minecraft:rotten_flesh":17,"biomesoplenty:jacaranda_log":59,"croptopia:strawberry_seed":2,"croptopia:pepper":1,"biomesoplenty:redwood_sapling":8,"supplementaries:ash":1,"croptopia:cabbage":1,"alexsmobs:flying_fish":1,"alexsmobs:lobster_tail":1,"minecraft:cobblestone":353,"minecraft:oxeye_daisy":2,"croptopia:lettuce_seed":1,"minecraft:birch_log":23,"minecraft:feather":3,"minecraft:cooked_beef":59,"minecraft:andesite":107,"minecraft:leather":2,"biomesoplenty:stripped_magic_log":1,"minecraft:red_mushroom":13,"alexsmobs:bear_fur":4,"minecraft:oak_log":47,"croptopia:walnut":13,"biomesoplenty:jacaranda_planks":3,"minecraft:gunpowder":2,"minecraft:dirt":384,"tombstone:gift":2,"minecraft:bone":3,"croptopia:corn":1,"minecraft:apple":71,"minecraft:bow":1,"minecraft:wheat_seeds":9,"minecraft:stone_pickaxe":15,"croptopia:bellpepper":3,"minecraft:iron_ingot":9,"biomesoplenty:magic_log":69,"tombstone:bag_of_seeds":1,"croptopia:tomato":1,"minecraft:fletching_table":1,"croptopia:turnip_seed":2,"minecraft:pitcher_pod":3,"croptopia:lime":6,"biomesoplenty:magic_sapling":23,"minecraft:pumpkin":2,"croptopia:mustard":3,"minecraft:dandelion":7,"croptopia:cucumber_seed":3,"minecraft:sand":53,"biomesoplenty:magic_door":5,"croptopia:oat":1,"minecraft:dark_oak_log":50,"croptopia:oat_seed":2,"alexsmobs:raw_catfish":3,"minecraft:pumpkin_seeds":1,"biomesoplenty:magic_planks":6,"minecraft:granite":224,"croptopia:greenbean":1,"minecraft:cherry_sapling":10,"minecraft:emerald":2,"alexsmobs:maggot":4,"minecraft:oak_sapling":13,"croptopia:zucchini_seed":2,"minecraft:coal":38},"minecraft:used":{"minecraft:cherry_sapling":3,"minecraft:netherite_sword":2,"minecraft:iron_shovel":396,"minecraft:chest":4,"minecraft:shield":48,"minecraft:iron_sword":178,"vanillaplustools:stone_hammer":95,"minecraft:torch":76,"minecraft:dirt":138,"alexsmobs:maggot":2,"biomesoplenty:redwood_wood":31,"minecraft:iron_axe":473,"alexsmobs:cooked_lobster_tail":1,"minecraft:birch_sapling":7,"mcwpaths:granite_running_bond":172,"biomesoplenty:jacaranda_sapling":11,"minecraft:bow":5,"minecraft:furnace":3,"minecraft:oak_sapling":3,"tombstone:gift":4,"supplementaries:statue":1,"croptopia:strawberry":1,"more_useful_copper:copper_boots":1,"minecraft:iron_leggings":1,"alexsmobs:cooked_catfish":3,"croptopia:tomato":1,"biomesoplenty:magic_log":8,"minecraft:stone_pickaxe":1,"croptopia:walnut":3,"minecraft:stonecutter":1,"minecraft:crafting_table":10,"biomesoplenty:magic_planks":6,"biomesoplenty:jacaranda_planks":173,"minecraft:oak_log":7,"tombstone:bag_of_seeds":2,"more_useful_copper:copper_chestplate":1,"minecraft:apple":2,"biomesoplenty:magic_door":7,"more_useful_copper:copper_helmet":1,"minecraft:string":1,"minecraft:iron_pickaxe":98,"minecraft:leather_helmet":1,"minecraft:stone_axe":24,"minecraft:cobblestone":10,"minecraft:cooked_porkchop":10,"minecraft:smithing_table":1,"aquaculture:stone_fillet_knife":1,"minecraft:birch_log":3,"minecraft:oak_boat":3,"alexsmobs:animal_dictionary":9,"croptopia:cantaloupe":1,"minecraft:dandelion":2},"minecraft:killed":{"alexsmobs:lobster":2,"minecraft:spider":3,"alexsmobs:seagull":2,"alexsmobs:sugar_glider":1,"minecraft:skeleton":6,"alexsmobs:blue_jay":1,"minecraft:drowned":2,"alexsmobs:flying_fish":1,"alexsmobs:grizzly_bear":1,"hunters_return:hunter":4,"alexsmobs:seal":1,"minecraft:creeper":2,"alexsmobs:catfish":1,"tinyskeletons:baby_skeleton":1,"minecraft:zombie":14,"alexsmobs:fly":1,"alexsmobs:crow":2,"minecraft:enderman":1},"minecraft:crafted":{"minecraft:oak_planks":44,"vanillaplustools:stone_hammer":1,"more_useful_copper:copper_boots":1,"more_useful_copper:copper_helmet":1,"minecraft:furnace":1,"minecraft:stone":3,"more_useful_copper:copper_chestplate":1,"minecraft:stone_pickaxe":11,"minecraft:chest":4,"biomesoplenty:magic_planks":28,"alexsmobs:cooked_catfish":3,"biomesoplenty:magic_door":3,"minecraft:red_dye":2,"sophisticatedbackpacks:backpack":5,"biomesoplenty:jacaranda_planks":188,"alexsmobs:cooked_lobster_tail":1,"minecraft:crafting_table":2,"biomesoplenty:redwood_planks":16,"minecraft:copper_ingot":17,"minecraft:birch_planks":32,"minecraft:air":0,"minecraft:oak_boat":1,"minecraft:yellow_dye":1,"minecraft:stick":60,"mcwpaths:granite_running_bond":18,"aquaculture:stone_fillet_knife":1,"minecraft:stonecutter":1,"minecraft:iron_shovel":2,"minecraft:light_gray_dye":1,"minecraft:torch":68},"minecraft:custom":{"minecraft:interact_with_smithing_table":1,"minecraft:mob_kills":46,"minecraft:interact_with_crafting_table":46,"minecraft:open_barrel":27,"minecraft:leave_game":1,"minecraft:time_since_death":106322,"minecraft:climb_one_cm":2219,"minecraft:sprint_one_cm":155115,"minecraft:walk_one_cm":475422,"minecraft:damage_blocked_by_shield":1691,"minecraft:drop":96,"minecraft:damage_dealt_absorbed":80,"minecraft:play_time":226268,"minecraft:sneak_time":829,"minecraft:deaths":9,"minecraft:walk_under_water_one_cm":6086,"minecraft:jump":1227,"minecraft:walk_on_water_one_cm":18027,"minecraft:total_world_time":226268,"minecraft:interact_with_furnace":16,"tombstone:raider_killed":4,"minecraft:interact_with_stonecutter":7,"minecraft:sleep_in_bed":1,"minecraft:time_since_rest":103159,"minecraft:damage_taken":3092,"minecraft:damage_dealt":8891,"minecraft:swim_one_cm":22337,"minecraft:fly_one_cm":483263,"minecraft:open_chest":52,"minecraft:crouch_one_cm":1163,"tombstone:undead_killed":23,"minecraft:fall_one_cm":25645}},"DataVersion":3465}