{"stats":{"minecraft:dropped":{"minecraft:cooked_porkchop":64,"minecraft:cobblestone":111,"minecraft:chest_minecart":1,"minecraft:granite":1,"minecraft:rail":10,"alexsmobs:bison_fur":1,"minecraft:flint":3,"minecraft:dirt":5,"minecraft:diorite":3,"minecraft:torch":1,"minecraft:sand":9,"minecraft:white_wool":2,"minecraft:gravel":14,"minecraft:cobbled_deepslate":5,"minecraft:tuff":1,"minecraft:raw_iron":19,"minecraft:rotten_flesh":1,"minecraft:pumpkin_seeds":2,"supplementaries:flax_seeds":2,"aquaculture:wooden_fillet_knife":1,"minecraft:andesite":2,"vanillaplustools:stone_hammer":1,"minecraft:sandstone":6,"minecraft:arrow":1,"minecraft:bow":1,"minecraft:wooden_pickaxe":1},"minecraft:mined":{"minecraft:diamond_ore":2,"minecraft:tuff":1,"minecraft:granite":1,"minecraft:grass_block":5,"minecraft:sandstone":6,"minecraft:furnace":1,"minecraft:iron_ore":77,"minecraft:fire":7,"minecraft:andesite":2,"minecraft:deepslate_iron_ore":24,"minecraft:stone":178,"minecraft:deepslate_redstone_ore":4,"minecraft:crafting_table":5,"minecraft:torch":7,"minecraft:tall_grass":1,"minecraft:sugar_cane":3,"minecraft:diorite":3,"minecraft:wall_torch":2,"supplementaries:urn":6,"minecraft:birch_log":5,"securitycraft:dirt_mine":1,"minecraft:grass":4,"minecraft:oak_log":23,"minecraft:coal_ore":52,"minecraft:gravel":17,"minecraft:sand":18,"minecraft:dirt":5,"minecraft:cobweb":20,"minecraft:oak_leaves":5,"minecraft:deepslate":5},"minecraft:picked_up":{"minecraft:crafting_table":5,"minecraft:chest_minecart":1,"minecraft:shield":1,"minecraft:string":27,"supplementaries:globe":1,"supplementaries:statue":2,"minecraft:cobbled_deepslate":5,"minecraft:netherite_sword":1,"comforts:sleeping_bag_white":1,"minecraft:beef":24,"minecraft:sugar_cane":6,"minecraft:birch_sapling":2,"minecraft:furnace":1,"minecraft:stick":6,"minecraft:raw_iron":120,"minecraft:sandstone":6,"securitycraft:reinforced_cobblestone":26,"minecraft:torch":9,"tombstone:grave_dust":6,"minecraft:diorite":3,"minecraft:redstone":17,"minecraft:arrow":1,"minecraft:rotten_flesh":2,"minecraft:netherite_chestplate":1,"supplementaries:ash":11,"minecraft:mutton":9,"minecraft:white_wool":5,"minecraft:rail":10,"minecraft:cobblestone":187,"minecraft:birch_log":7,"minecraft:netherite_boots":1,"minecraft:andesite":2,"minecraft:leather":5,"alexsmobs:bison_fur":1,"minecraft:flint":3,"minecraft:tuff":1,"minecraft:oak_log":30,"supplementaries:flax_seeds":2,"minecraft:netherite_leggings":1,"croptopia:celery":1,"minecraft:dirt":9,"minecraft:lantern":1,"minecraft:bone":10,"minecraft:bow":1,"minecraft:iron_ingot":3,"minecraft:stone_pickaxe":1,"minecraft:cooked_porkchop":64,"minecraft:gravel":14,"croptopia:celery_seed":2,"minecraft:sand":24,"securitycraft:reinforced_stone":9,"alexsmobs:animal_dictionary":1,"minecraft:spider_eye":2,"minecraft:pumpkin_seeds":2,"minecraft:netherite_helmet":1,"minecraft:stone_axe":1,"minecraft:diamond":2,"minecraft:granite":1,"tombstone:magic_scroll":1,"minecraft:oak_sapling":4,"minecraft:coal":52},"minecraft:used":{"supplementaries:stone_tile":24,"minecraft:stone_sword":9,"minecraft:chest":1,"minecraft:iron_sword":133,"aquaculture:wooden_fillet_knife":1,"vanillaplustools:stone_hammer":13,"mcwlights:iron_chandelier":1,"minecraft:torch":13,"supplementaries:globe":2,"securitycraft:keypad_item":1,"mcwroofs:dark_oak_roof":44,"supplementaries:planter":1,"supplementaries:item_shelf":4,"supplementaries:pedestal":2,"minecraft:lava_bucket":1,"minecraft:iron_axe":33,"minecraft:lantern":4,"minecraft:birch_sapling":1,"minecraft:barrel":3,"cfm:spruce_coffee_table":2,"securitycraft:sand_mine":8,"minecraft:birch_trapdoor":6,"minecraft:oak_sapling":4,"minecraft:furnace":1,"securitycraft:dirt_mine":6,"tombstone:gift":5,"comforts:sleeping_bag_white":1,"supplementaries:statue":9,"cfm:stripped_mangrove_chair":2,"minecraft:stripped_spruce_wood":129,"supplementaries:blackboard":2,"minecraft:water_bucket":9,"cfm:oak_park_bench":4,"minecraft:stone_pickaxe":73,"minecraft:oak_planks":27,"minecraft:wooden_pickaxe":38,"minecraft:sandstone":28,"minecraft:sugar_cane":5,"minecraft:sand":87,"minecraft:crafting_table":6,"cfm:stripped_spruce_desk_cabinet":1,"minecraft:campfire":1,"supplementaries:candle_holder_white":1,"minecraft:dark_oak_door":1,"minecraft:iron_pickaxe":134,"minecraft:lectern":1,"tombstone:magic_scroll":1,"minecraft:stone_axe":2,"newslabvariants:black_glazed_terracotta_slab":1,"minecraft:cobblestone":12,"minecraft:cooked_porkchop":17,"minecraft:bucket":11,"minecraft:stripped_oak_log":75,"mcwdoors:oak_barn_door":2},"minecraft:killed":{"alexsmobs:lobster":1,"minecraft:spider":5,"minecraft:skeleton":3,"alexsmobs:bison":1,"minecraft:creeper":2,"minecraft:sheep":5,"minecraft:zombie":9,"minecraft:cow":8},"minecraft:crafted":{"minecraft:oak_planks":80,"vanillaplustools:stone_hammer":1,"comforts:sleeping_bag_white":1,"minecraft:furnace":1,"minecraft:stone_button":9,"minecraft:stone":14,"securitycraft:keypad_item":1,"securitycraft:retinal_scanner":1,"minecraft:heavy_weighted_pressure_plate":2,"minecraft:glass_pane":16,"securitycraft:laser_block":1,"minecraft:glass":7,"minecraft:iron_boots":1,"minecraft:iron_axe":1,"minecraft:stone_pickaxe":10,"minecraft:chest":3,"minecraft:redstone_block":1,"cfm:oak_park_bench":4,"aquaculture:wooden_fillet_knife":1,"croptopia:frying_pan":1,"sophisticatedbackpacks:backpack":1,"securitycraft:sand_mine":1,"minecraft:crafting_table":2,"securitycraft:reinforced_stone_button":25,"minecraft:iron_helmet":1,"minecraft:wooden_pickaxe":1,"minecraft:iron_sword":1,"minecraft:bucket":1,"minecraft:birch_planks":16,"minecraft:campfire":1,"minecraft:stone_axe":1,"minecraft:air":0,"securitycraft:reinforced_stone":16,"minecraft:iron_chestplate":1,"minecraft:stick":40,"minecraft:iron_ingot":39,"minecraft:iron_pickaxe":1,"minecraft:stone_sword":1,"minecraft:iron_leggings":1,"minecraft:torch":12,"mcwdoors:oak_barn_door":2,"securitycraft:universal_block_reinforcer_lvl1":1},"minecraft:custom":{"minecraft:mob_kills":35,"minecraft:interact_with_crafting_table":37,"minecraft:open_barrel":10,"minecraft:leave_game":4,"minecraft:time_since_death":14216,"minecraft:sprint_one_cm":263531,"minecraft:walk_one_cm":383448,"minecraft:drop":28,"minecraft:damage_dealt_absorbed":80,"minecraft:play_time":166837,"minecraft:deaths":1,"minecraft:sneak_time":987,"minecraft:walk_under_water_one_cm":7868,"minecraft:jump":1242,"minecraft:interact_with_blast_furnace":4,"minecraft:walk_on_water_one_cm":10405,"minecraft:total_world_time":166837,"minecraft:interact_with_furnace":35,"minecraft:sleep_in_bed":1,"minecraft:time_since_rest":6362,"minecraft:damage_taken":1586,"minecraft:damage_dealt":6067,"minecraft:player_kills":2,"minecraft:swim_one_cm":6751,"minecraft:fly_one_cm":194593,"minecraft:open_chest":33,"minecraft:crouch_one_cm":1426,"tombstone:undead_killed":12,"minecraft:fall_one_cm":35109}},"DataVersion":3465}