{"stats":{"minecraft:crafted":{"minecraft:oak_planks":68,"minecraft:crafting_table":1,"comforts:sleeping_bag_white":1,"minecraft:iron_helmet":1,"minecraft:wooden_pickaxe":1,"minecraft:iron_sword":1,"minecraft:furnace":1,"minecraft:bucket":1,"minecraft:stone_axe":1,"minecraft:air":0,"minecraft:iron_chestplate":1,"minecraft:iron_boots":1,"minecraft:iron_axe":1,"minecraft:stick":16,"minecraft:iron_ingot":35,"minecraft:iron_pickaxe":1,"minecraft:stone_pickaxe":1,"minecraft:stone_sword":1,"minecraft:chest":1,"minecraft:iron_leggings":1,"minecraft:torch":12},"minecraft:mined":{"minecraft:crafting_table":4,"minecraft:granite":1,"minecraft:grass_block":1,"minecraft:sugar_cane":3,"minecraft:diorite":1,"minecraft:sandstone":6,"minecraft:furnace":1,"minecraft:iron_ore":42,"minecraft:grass":2,"minecraft:oak_log":17,"minecraft:coal_ore":7,"minecraft:deepslate_iron_ore":12,"minecraft:sand":10,"minecraft:dirt":1,"minecraft:stone":42,"minecraft:oak_leaves":2},"minecraft:dropped":{"minecraft:torch":1,"minecraft:wooden_pickaxe":1},"minecraft:custom":{"minecraft:interact_with_furnace":12,"minecraft:mob_kills":10,"minecraft:interact_with_crafting_table":9,"minecraft:open_barrel":10,"minecraft:leave_game":2,"minecraft:time_since_death":68152,"minecraft:time_since_rest":68152,"minecraft:sprint_one_cm":88008,"minecraft:damage_taken":150,"minecraft:walk_one_cm":124358,"minecraft:drop":2,"minecraft:damage_dealt":1104,"minecraft:fly_one_cm":87303,"minecraft:open_chest":1,"minecraft:crouch_one_cm":935,"minecraft:play_time":68152,"tombstone:undead_killed":1,"minecraft:sneak_time":457,"minecraft:jump":425,"minecraft:walk_on_water_one_cm":1403,"minecraft:total_world_time":68152,"minecraft:fall_one_cm":9393},"minecraft:used":{"supplementaries:blackboard":2,"supplementaries:stone_tile":24,"minecraft:stone_sword":9,"minecraft:stone_pickaxe":73,"minecraft:oak_planks":25,"minecraft:wooden_pickaxe":38,"minecraft:sugar_cane":5,"mcwlights:iron_chandelier":1,"supplementaries:globe":2,"minecraft:crafting_table":4,"cfm:stripped_spruce_desk_cabinet":1,"mcwroofs:dark_oak_roof":44,"supplementaries:candle_holder_white":1,"supplementaries:planter":1,"supplementaries:item_shelf":4,"minecraft:dark_oak_door":1,"supplementaries:pedestal":2,"minecraft:iron_axe":13,"minecraft:lantern":4,"minecraft:iron_pickaxe":1,"minecraft:lectern":1,"minecraft:barrel":3,"cfm:spruce_coffee_table":2,"minecraft:stone_axe":2,"minecraft:birch_trapdoor":6,"newslabvariants:black_glazed_terracotta_slab":1,"minecraft:oak_sapling":4,"securitycraft:dirt_mine":6,"minecraft:furnace":1,"minecraft:cooked_porkchop":4,"supplementaries:statue":9,"minecraft:stripped_oak_log":75,"cfm:stripped_mangrove_chair":2,"minecraft:stripped_spruce_wood":129},"minecraft:killed":{"alexsmobs:lobster":1,"minecraft:creeper":1,"minecraft:sheep":5,"minecraft:zombie":1,"minecraft:cow":2},"minecraft:picked_up":{"minecraft:crafting_table":4,"minecraft:leather":2,"minecraft:oak_log":17,"minecraft:lantern":1,"minecraft:dirt":2,"supplementaries:globe":1,"supplementaries:statue":2,"minecraft:beef":3,"minecraft:sugar_cane":6,"minecraft:furnace":1,"minecraft:stick":2,"minecraft:raw_iron":73,"minecraft:sandstone":6,"minecraft:sand":10,"minecraft:diorite":1,"minecraft:granite":1,"minecraft:oak_sapling":4,"minecraft:mutton":9,"minecraft:coal":7,"minecraft:white_wool":5,"minecraft:cobblestone":42}},"DataVersion":3465}