{"stats":{"minecraft:broken":{"vanillaplustools:stone_hammer":1},"minecraft:mined":{"minecraft:crafting_table":1,"minecraft:torch":2,"minecraft:granite":12,"minecraft:grass_block":4,"biomesoplenty:high_grass_plant":9,"minecraft:tall_grass":3,"minecraft:copper_ore":9,"minecraft:cobblestone":3,"minecraft:spruce_leaves":2,"minecraft:wall_torch":3,"minecraft:large_fern":3,"minecraft:fire":9,"treechop:chopped_log":1,"minecraft:grass":8,"minecraft:coal_ore":59,"biomesoplenty:high_grass":10,"minecraft:sand":1,"minecraft:dirt":37,"minecraft:stone":951},"minecraft:dropped":{"minecraft:brown_mushroom":1,"minecraft:oak_planks":2,"minecraft:lava_bucket":1,"minecraft:diorite":1,"minecraft:rose_bush":3},"minecraft:picked_up":{"minecraft:birch_log":1,"minecraft:crafting_table":1,"minecraft:leather":2,"minecraft:brown_mushroom":1,"biomesoplenty:glowshroom":3,"minecraft:oak_log":6,"croptopia:walnut":1,"minecraft:string":23,"minecraft:dirt":46,"minecraft:moss_carpet":1,"minecraft:raw_copper":28,"biomesoplenty:glowing_moss_carpet":16,"minecraft:wheat_seeds":1,"minecraft:rose_bush":3,"minecraft:chest":1,"minecraft:birch_sapling":1,"minecraft:oak_planks":2,"minecraft:stick":7,"minecraft:raw_iron":19,"minecraft:sandstone":37,"minecraft:cooked_porkchop":64,"minecraft:torch":6,"minecraft:sand":32,"minecraft:diorite":2,"aquaculture:wooden_fillet_knife":1,"minecraft:granite":13,"vanillaplustools:stone_hammer":1,"minecraft:gray_wool":1,"minecraft:oak_sapling":1,"minecraft:mutton":5,"minecraft:coal":59,"minecraft:cobblestone":1056,"minecraft:white_wool":5},"minecraft:used":{"minecraft:flint_and_steel":6,"minecraft:birch_planks":4,"minecraft:stone_pickaxe":42,"minecraft:chest":4,"minecraft:sandstone":222,"securitycraft:bucket_f_lava":6,"vanillaplustools:stone_hammer":118,"aquaculture:wooden_fillet_knife":2,"securitycraft:iron_mine":2,"minecraft:torch":19,"minecraft:sand":353,"minecraft:crafting_table":2,"minecraft:blast_furnace":1,"minecraft:obsidian":16,"minecraft:lava_bucket":55,"alexscaves:extinction_spear":4,"securitycraft:mine":1,"minecraft:bedrock":33,"securitycraft:sand_mine":84,"minecraft:cobblestone":5,"minecraft:furnace":6,"securitycraft:dirt_mine":9,"minecraft:cooked_porkchop":17,"minecraft:bucket":5,"tombstone:gift":2,"alexsmobs:animal_dictionary":1,"croptopia:corn":1},"minecraft:killed":{"minecraft:sheep":4},"minecraft:crafted":{"minecraft:coal_block":5,"minecraft:smooth_stone":3,"minecraft:oak_planks":24,"minecraft:crafting_table":1,"minecraft:furnace":10,"minecraft:blast_furnace":1,"minecraft:stone":253,"minecraft:birch_planks":20,"minecraft:air":0,"minecraft:stick":4,"minecraft:iron_ingot":15,"minecraft:stone_pickaxe":2,"minecraft:chest":4,"minecraft:torch":20},"minecraft:custom":{"minecraft:interact_with_furnace":65,"minecraft:mob_kills":4,"minecraft:interact_with_crafting_table":10,"minecraft:bell_ring":1,"minecraft:leave_game":3,"minecraft:time_since_death":32357,"minecraft:time_since_rest":32124,"minecraft:waystone_activated":2,"minecraft:sprint_one_cm":201449,"minecraft:damage_taken":2221,"minecraft:walk_one_cm":251022,"minecraft:drop":7,"minecraft:damage_dealt":420,"minecraft:swim_one_cm":6985,"minecraft:fly_one_cm":385126,"minecraft:open_chest":60,"minecraft:crouch_one_cm":3457,"minecraft:play_time":130999,"minecraft:deaths":2,"minecraft:sneak_time":1782,"minecraft:walk_under_water_one_cm":4029,"minecraft:jump":1695,"minecraft:interact_with_blast_furnace":14,"minecraft:walk_on_water_one_cm":10057,"minecraft:total_world_time":130999,"minecraft:fall_one_cm":36481}},"DataVersion":3465}