{"stats":{"minecraft:mined":{"minecraft:fire":7},"minecraft:custom":{"minecraft:jump":36,"minecraft:leave_game":1,"minecraft:time_since_rest":2531,"minecraft:damage_dealt":10,"minecraft:deaths":1,"minecraft:sprint_one_cm":7018,"minecraft:play_time":6510,"minecraft:damage_taken":945,"minecraft:time_since_death":2666,"minecraft:walk_one_cm":9717,"minecraft:total_world_time":6510,"minecraft:fall_one_cm":1091,"minecraft:fly_one_cm":8452},"minecraft:used":{"tombstone:gift":1,"alexsmobs:animal_dictionary":1},"minecraft:picked_up":{"minecraft:sand":3,"minecraft:torch":1}},"DataVersion":3465}