{
  "mcwfencesbop:recipes/flowering_oak_hedge": {
    "criteria": {
      "has_birch": "2024-09-04 23:24:23 +0000"
    },
    "done": true
  },
  "minecraft:recipes/building_blocks/red_concrete_powder": {
    "criteria": {
      "has_sand": "2024-09-04 23:27:44 +0000"
    },
    "done": true
  },
  "mcwfencesbop:recipes/origin_hedge": {
    "criteria": {
      "has_birch": "2024-09-04 23:24:23 +0000"
    },
    "done": true
  },
  "mcwfencesbop:recipes/maple_hedge": {
    "criteria": {
      "has_birch": "2024-09-04 23:24:23 +0000"
    },
    "done": true
  },
  "aquaculture:recipes/aquaculture/heavy_hook": {
    "criteria": {
      "has_items": "2024-09-04 23:24:23 +0000"
    },
    "done": true
  },
  "mcwfences:recipes/dark_oak": {
    "criteria": {
      "has_dark_oak": "2024-09-04 23:24:23 +0000"
    },
    "done": true
  },
  "aquaculture:recipes/decorations/birch_fish_mount": {
    "criteria": {
      "has_items": "2024-09-04 23:24:23 +0000"
    },
    "done": true
  },
  "tombstone:recipes/from_grave_key": {
    "criteria": {
      "has_ingredient": "2024-09-04 23:27:35 +0000"
    },
    "done": true
  },
  "aquaculture:recipes/misc/neptunium_ingot_from_neptunium_block": {
    "criteria": {
      "has_items": "2024-09-04 23:24:23 +0000"
    },
    "done": true
  },
  "minecraft:recipes/building_blocks/green_concrete_powder": {
    "criteria": {
      "has_sand": "2024-09-04 23:27:44 +0000"
    },
    "done": true
  },
  "mcwfences:recipes/crimson": {
    "criteria": {
      "has_crimson": "2024-09-04 23:24:23 +0000"
    },
    "done": true
  },
  "mcwfences:recipes/prismarine": {
    "criteria": {
      "has_qq": "2024-09-04 23:24:23 +0000"
    },
    "done": true
  },
  "mcwfences:recipes/quartz": {
    "criteria": {
      "has_qq": "2024-09-04 23:24:23 +0000"
    },
    "done": true
  },
  "minecraft:recipes/building_blocks/blue_concrete_powder": {
    "criteria": {
      "has_sand": "2024-09-04 23:27:44 +0000"
    },
    "done": true
  },
  "aquaculture:recipes/misc/iron_nugget_from_smelting": {
    "criteria": {
      "has_fishing_rod": "2024-09-04 23:24:23 +0000",
      "has_fillet_knife": "2024-09-04 23:24:23 +0000"
    },
    "done": true
  },
  "minecraft:recipes/decorations/crafting_table": {
    "criteria": {
      "unlock_right_away": "2024-09-04 23:24:23 +0000"
    },
    "done": true
  },
  "aquaculture:recipes/tools/golden_fishing_rod": {
    "criteria": {
      "has_vanilla_rod": "2024-09-04 23:24:23 +0000"
    },
    "done": true
  },
  "mcwfences:recipes/jungle": {
    "criteria": {
      "has_jungle": "2024-09-04 23:24:23 +0000"
    },
    "done": true
  },
  "aquaculture:recipes/misc/gold_nugget_from_smelting": {
    "criteria": {
      "has_fishing_rod": "2024-09-04 23:24:23 +0000",
      "has_fillet_knife": "2024-09-04 23:24:23 +0000"
    },
    "done": true
  },
  "mcwfencesbop:recipes/willow": {
    "criteria": {
      "has_acacia": "2024-09-04 23:24:23 +0000"
    },
    "done": true
  },
  "mcwfences:recipes/mangrove": {
    "criteria": {
      "has_mangrove": "2024-09-04 23:24:23 +0000"
    },
    "done": true
  },
  "mcwfences:recipes/warped": {
    "criteria": {
      "has_warped": "2024-09-04 23:24:23 +0000"
    },
    "done": true
  },
  "aquaculture:recipes/misc/bonemeal_from_fish_bones": {
    "criteria": {
      "has_items": "2024-09-04 23:24:23 +0000"
    },
    "done": true
  },
  "mcwfencesbop:recipes/mahogany": {
    "criteria": {
      "has_acacia": "2024-09-04 23:24:23 +0000"
    },
    "done": true
  },
  "tombstone:adventure/cancel_ghostly_shape": {
    "criteria": {
      "coded_trigger": "2024-09-04 23:27:42 +0000"
    },
    "done": true
  },
  "mcwfences:recipes/nether": {
    "criteria": {
      "has_nether_brick": "2024-09-04 23:24:23 +0000"
    },
    "done": true
  },
  "mcwfencesbop:recipes/dead": {
    "criteria": {
      "has_acacia": "2024-09-04 23:24:23 +0000"
    },
    "done": true
  },
  "mcwfencesbop:recipes/redwood": {
    "criteria": {
      "has_acacia": "2024-09-04 23:24:23 +0000"
    },
    "done": true
  },
  "minecraft:recipes/building_blocks/lime_concrete_powder": {
    "criteria": {
      "has_sand": "2024-09-04 23:27:44 +0000"
    },
    "done": true
  },
  "mcwfences:recipes/bamboo": {
    "criteria": {
      "has_bamboo": "2024-09-04 23:24:23 +0000"
    },
    "done": true
  },
  "aquaculture:recipes/misc/brown_mushroom_from_fish": {
    "criteria": {
      "has_items": "2024-09-04 23:24:23 +0000"
    },
    "done": true
  },
  "minecraft:recipes/building_blocks/orange_concrete_powder": {
    "criteria": {
      "has_sand": "2024-09-04 23:27:44 +0000"
    },
    "done": true
  },
  "minecraft:recipes/building_blocks/magenta_concrete_powder": {
    "criteria": {
      "has_sand": "2024-09-04 23:27:44 +0000"
    },
    "done": true
  },
  "mcwfencesbop:recipes/orange_autumn_hedge": {
    "criteria": {
      "has_birch": "2024-09-04 23:24:23 +0000"
    },
    "done": true
  },
  "mcwfences:recipes/spruce": {
    "criteria": {
      "has_spruce": "2024-09-04 23:24:23 +0000"
    },
    "done": true
  },
  "mcwfencesbop:recipes/magic": {
    "criteria": {
      "has_acacia": "2024-09-04 23:24:23 +0000"
    },
    "done": true
  },
  "tombstone:adventure/first_grave": {
    "criteria": {
      "coded_trigger": "2024-09-04 23:27:32 +0000"
    },
    "done": true
  },
  "aquaculture:recipes/misc/neptinium_ingot_from_blasting": {
    "criteria": {
      "has_leggings": "2024-09-04 23:24:23 +0000",
      "has_axe": "2024-09-04 23:24:23 +0000",
      "has_helmet": "2024-09-04 23:24:23 +0000",
      "has_fishing_rod": "2024-09-04 23:24:23 +0000",
      "has_bow": "2024-09-04 23:24:23 +0000",
      "has_chestplate": "2024-09-04 23:24:23 +0000",
      "has_sword": "2024-09-04 23:24:23 +0000",
      "has_fillet_knife": "2024-09-04 23:24:23 +0000",
      "has_shovel": "2024-09-04 23:24:23 +0000",
      "has_hoe": "2024-09-04 23:24:23 +0000",
      "has_boots": "2024-09-04 23:24:23 +0000",
      "has_pickaxe": "2024-09-04 23:24:23 +0000"
    },
    "done": true
  },
  "aquaculture:recipes/decorations/dark_oak_fish_mount": {
    "criteria": {
      "has_items": "2024-09-04 23:24:23 +0000"
    },
    "done": true
  },
  "mcwfencesbop:recipes/rainbow_birch_hedge": {
    "criteria": {
      "has_birch": "2024-09-04 23:24:23 +0000"
    },
    "done": true
  },
  "mcwfencesbop:recipes/hellbark": {
    "criteria": {
      "has_acacia": "2024-09-04 23:24:23 +0000"
    },
    "done": true
  },
  "aquaculture:recipes/decorations/acacia_fish_mount": {
    "criteria": {
      "has_items": "2024-09-04 23:24:23 +0000"
    },
    "done": true
  },
  "mcwfencesbop:recipes/palm_hedge": {
    "criteria": {
      "has_birch": "2024-09-04 23:24:23 +0000"
    },
    "done": true
  },
  "aquaculture:recipes/aquaculture/diamond_hook": {
    "criteria": {
      "has_items": "2024-09-04 23:24:23 +0000"
    },
    "done": true
  },
  "minecraft:recipes/building_blocks/black_concrete_powder": {
    "criteria": {
      "has_sand": "2024-09-04 23:27:44 +0000"
    },
    "done": true
  },
  "betterdungeons:root": {
    "criteria": {
      "always": "2024-09-04 23:24:23 +0000"
    },
    "done": true
  },
  "aquaculture:recipes/food/sushi": {
    "criteria": {
      "has_alt_items": "2024-09-04 23:24:23 +0000",
      "has_items": "2024-09-04 23:24:23 +0000"
    },
    "done": true
  },
  "tombstone:recipes/from_grave_dust": {
    "criteria": {
      "has_ingredient": "2024-09-04 23:27:53 +0000"
    },
    "done": true
  },
  "mcwbridges:recipes/bridge_torch": {
    "criteria": {
      "has_planks": "2024-09-04 23:29:33 +0000"
    },
    "done": true
  },
  "mcwlights:recipes/tiki_torches": {
    "criteria": {
      "has_wood": "2024-09-04 23:29:33 +0000"
    },
    "done": true
  },
  "minecraft:recipes/building_blocks/purple_concrete_powder": {
    "criteria": {
      "has_sand": "2024-09-04 23:27:44 +0000"
    },
    "done": true
  },
  "aquaculture:recipes/aquaculture/light_hook": {
    "criteria": {
      "has_items": "2024-09-04 23:24:23 +0000"
    },
    "done": true
  },
  "mcwfencesbop:recipes/jacaranda": {
    "criteria": {
      "has_acacia": "2024-09-04 23:24:23 +0000"
    },
    "done": true
  },
  "aquaculture:recipes/misc/red_mushroom_from_fish": {
    "criteria": {
      "has_items": "2024-09-04 23:24:23 +0000"
    },
    "done": true
  },
  "aquaculture:recipes/building_blocks/planks_from_driftwood": {
    "criteria": {
      "has_items": "2024-09-04 23:24:23 +0000"
    },
    "done": true
  },
  "minecraft:recipes/building_blocks/cyan_concrete_powder": {
    "criteria": {
      "has_sand": "2024-09-04 23:27:44 +0000"
    },
    "done": true
  },
  "mcwfencesbop:recipes/mahogany_hedge": {
    "criteria": {
      "has_birch": "2024-09-04 23:24:23 +0000"
    },
    "done": true
  },
  "tombstone:adventure/root": {
    "criteria": {
      "auto": "2024-09-04 23:24:24 +0000"
    },
    "done": true
  },
  "mcwfences:recipes/birch": {
    "criteria": {
      "has_birch": "2024-09-04 23:24:23 +0000"
    },
    "done": true
  },
  "mcwfences:recipes/stone": {
    "criteria": {
      "has_stone": "2024-09-04 23:24:23 +0000"
    },
    "done": true
  },
  "mcwfences:recipes/end": {
    "criteria": {
      "has_end_brick": "2024-09-04 23:24:23 +0000"
    },
    "done": true
  },
  "minecraft:recipes/building_blocks/light_gray_concrete_powder": {
    "criteria": {
      "has_sand": "2024-09-04 23:27:44 +0000"
    },
    "done": true
  },
  "aquaculture:recipes/aquaculture/worm_farm": {
    "criteria": {
      "has_items": "2024-09-04 23:24:23 +0000"
    },
    "done": true
  },
  "minecraft:recipes/building_blocks/pink_concrete_powder": {
    "criteria": {
      "has_sand": "2024-09-04 23:27:44 +0000"
    },
    "done": true
  },
  "aquaculture:recipes/tools/iron_fishing_rod": {
    "criteria": {
      "has_vanilla_rod": "2024-09-04 23:24:23 +0000"
    },
    "done": true
  },
  "aquaculture:recipes/aquaculture/note_hook": {
    "criteria": {
      "has_items": "2024-09-04 23:24:23 +0000"
    },
    "done": true
  },
  "minecraft:recipes/building_blocks/brown_concrete_powder": {
    "criteria": {
      "has_sand": "2024-09-04 23:27:44 +0000"
    },
    "done": true
  },
  "aquaculture:recipes/food/cooked_fish_fillet_from_campfire": {
    "criteria": {
      "has_items": "2024-09-04 23:24:23 +0000"
    },
    "done": true
  },
  "mcwfencesbop:recipes/hellbark_hedge": {
    "criteria": {
      "has_birch": "2024-09-04 23:24:23 +0000"
    },
    "done": true
  },
  "mcwfencesbop:recipes/jacaranda_hedge": {
    "criteria": {
      "has_birch": "2024-09-04 23:24:23 +0000"
    },
    "done": true
  },
  "minecraft:recipes/building_blocks/light_blue_concrete_powder": {
    "criteria": {
      "has_sand": "2024-09-04 23:27:44 +0000"
    },
    "done": true
  },
  "minecraft:recipes/building_blocks/glass": {
    "criteria": {
      "has_smelts_to_glass": "2024-09-04 23:27:44 +0000"
    },
    "done": true
  },
  "mcwfencesbop:recipes/umbran_hedge": {
    "criteria": {
      "has_birch": "2024-09-04 23:24:23 +0000"
    },
    "done": true
  },
  "alexsmobs:alexsmobs/root": {
    "criteria": {
      "useitem": "2024-09-04 23:27:40 +0000"
    },
    "done": true
  },
  "mcwfences:recipes/sandstone": {
    "criteria": {
      "has_sand": "2024-09-04 23:24:23 +0000"
    },
    "done": true
  },
  "aquaculture:recipes/aquaculture/gold_hook": {
    "criteria": {
      "has_items": "2024-09-04 23:24:23 +0000"
    },
    "done": true
  },
  "aquaculture:recipes/decorations/oak_fish_mount": {
    "criteria": {
      "has_items": "2024-09-04 23:24:23 +0000"
    },
    "done": true
  },
  "mcwfences:recipes/acacia": {
    "criteria": {
      "has_acacia": "2024-09-04 23:24:23 +0000"
    },
    "done": true
  },
  "mcwfencesbop:recipes/dead_hedge": {
    "criteria": {
      "has_birch": "2024-09-04 23:24:23 +0000"
    },
    "done": true
  },
  "mcwfencesbop:recipes/snowblossom_hedge": {
    "criteria": {
      "has_birch": "2024-09-04 23:24:23 +0000"
    },
    "done": true
  },
  "mcwfences:recipes/oak": {
    "criteria": {
      "has_oak": "2024-09-04 23:24:23 +0000"
    },
    "done": true
  },
  "mcwfencesbop:recipes/willow_hedge": {
    "criteria": {
      "has_birch": "2024-09-04 23:24:23 +0000"
    },
    "done": true
  },
  "aquaculture:recipes/decorations/spruce_fish_mount": {
    "criteria": {
      "has_items": "2024-09-04 23:24:23 +0000"
    },
    "done": true
  },
  "minecraft:recipes/building_blocks/white_concrete_powder": {
    "criteria": {
      "has_sand": "2024-09-04 23:27:44 +0000"
    },
    "done": true
  },
  "mcwfences:recipes/mud_brick": {
    "criteria": {
      "has_qq": "2024-09-04 23:24:23 +0000"
    },
    "done": true
  },
  "supplementaries:recipes/sconce": {
    "criteria": {
      "has_torch": "2024-09-04 23:29:33 +0000"
    },
    "done": true
  },
  "mcwfences:recipes/blackstone": {
    "criteria": {
      "has_blackstone": "2024-09-04 23:24:23 +0000"
    },
    "done": true
  },
  "aquaculture:recipes/aquaculture/double_hook": {
    "criteria": {
      "has_items": "2024-09-04 23:24:23 +0000"
    },
    "done": true
  },
  "mcwfences:recipes/hedge": {
    "criteria": {
      "has_birch": "2024-09-04 23:24:23 +0000"
    },
    "done": true
  },
  "minecraft:husbandry/root": {
    "criteria": {
      "consumed_item": "2024-09-04 23:27:40 +0000"
    },
    "done": true
  },
  "betterdeserttemples:root": {
    "criteria": {
      "always": "2024-09-04 23:24:23 +0000"
    },
    "done": true
  },
  "aquaculture:recipes/aquaculture/fishing_line": {
    "criteria": {
      "has_items": "2024-09-04 23:24:23 +0000"
    },
    "done": true
  },
  "aquaculture:recipes/misc/tin_can_to_iron_nugget_from_blasting": {
    "criteria": {
      "has_items": "2024-09-04 23:24:23 +0000"
    },
    "done": true
  },
  "aquaculture:recipes/aquaculture/iron_hook": {
    "criteria": {
      "has_items": "2024-09-04 23:24:23 +0000"
    },
    "done": true
  },
  "mcwfencesbop:recipes/fir_hedge": {
    "criteria": {
      "has_birch": "2024-09-04 23:24:23 +0000"
    },
    "done": true
  },
  "aquaculture:recipes/misc/jellyfish_to_slimeball": {
    "criteria": {
      "has_items": "2024-09-04 23:24:23 +0000"
    },
    "done": true
  },
  "mcwfencesbop:recipes/fir": {
    "criteria": {
      "has_acacia": "2024-09-04 23:24:23 +0000"
    },
    "done": true
  },
  "mcwfences:recipes/deepslate": {
    "criteria": {
      "has_deepslate": "2024-09-04 23:24:23 +0000"
    },
    "done": true
  },
  "aquaculture:recipes/aquaculture/redstone_hook": {
    "criteria": {
      "has_items": "2024-09-04 23:24:23 +0000"
    },
    "done": true
  },
  "mcwfencesbop:recipes/yellow_autumn_hedge": {
    "criteria": {
      "has_birch": "2024-09-04 23:24:23 +0000"
    },
    "done": true
  },
  "aquaculture:recipes/misc/gold_nugget_from_blasting": {
    "criteria": {
      "has_fishing_rod": "2024-09-04 23:24:23 +0000",
      "has_fillet_knife": "2024-09-04 23:24:23 +0000"
    },
    "done": true
  },
  "mcwlights:recipes/paper_lamp": {
    "criteria": {
      "has_wood": "2024-09-04 23:29:33 +0000"
    },
    "done": true
  },
  "aquaculture:recipes/aquaculture/bobber": {
    "criteria": {
      "has_items": "2024-09-04 23:24:23 +0000"
    },
    "done": true
  },
  "aquaculture:recipes/misc/gold_nugget_from_gold_fish": {
    "criteria": {
      "has_items": "2024-09-04 23:24:23 +0000"
    },
    "done": true
  },
  "aquaculture:recipes/food/cooked_fish_fillet_from_smoking": {
    "criteria": {
      "has_items": "2024-09-04 23:24:23 +0000"
    },
    "done": true
  },
  "aquaculture:recipes/tools/diamond_fishing_rod": {
    "criteria": {
      "has_vanilla_rod": "2024-09-04 23:24:23 +0000"
    },
    "done": true
  },
  "aquaculture:recipes/food/cooked_fish_fillet": {
    "criteria": {
      "has_items": "2024-09-04 23:24:23 +0000"
    },
    "done": true
  },
  "mcwfencesbop:recipes/umbran": {
    "criteria": {
      "has_acacia": "2024-09-04 23:24:23 +0000"
    },
    "done": true
  },
  "minecraft:recipes/building_blocks/yellow_concrete_powder": {
    "criteria": {
      "has_sand": "2024-09-04 23:27:44 +0000"
    },
    "done": true
  },
  "minecraft:recipes/building_blocks/sandstone": {
    "criteria": {
      "has_sand": "2024-09-04 23:27:44 +0000"
    },
    "done": true
  },
  "minecraft:recipes/building_blocks/gray_concrete_powder": {
    "criteria": {
      "has_sand": "2024-09-04 23:27:44 +0000"
    },
    "done": true
  },
  "minecraft:adventure/adventuring_time": {
    "criteria": {
      "minecraft:beach": "2024-09-04 23:27:29 +0000",
      "minecraft:forest": "2024-09-04 23:24:24 +0000"
    },
    "done": false
  },
  "mcwroofs:recipes/concrete": {
    "criteria": {
      "has_planks": "2024-09-04 23:27:44 +0000"
    },
    "done": true
  },
  "mcwfencesbop:recipes/magic_hedge": {
    "criteria": {
      "has_birch": "2024-09-04 23:24:23 +0000"
    },
    "done": true
  },
  "mcwfencesbop:recipes/palm": {
    "criteria": {
      "has_acacia": "2024-09-04 23:24:23 +0000"
    },
    "done": true
  },
  "aquaculture:recipes/misc/neptunium_ingot_from_nuggets": {
    "criteria": {
      "has_items": "2024-09-04 23:24:23 +0000"
    },
    "done": true
  },
  "mcwfencesbop:recipes/redwood_hedge": {
    "criteria": {
      "has_birch": "2024-09-04 23:24:23 +0000"
    },
    "done": true
  },
  "aquaculture:recipes/misc/iron_nugget_from_blasting": {
    "criteria": {
      "has_fishing_rod": "2024-09-04 23:24:23 +0000",
      "has_fillet_knife": "2024-09-04 23:24:23 +0000"
    },
    "done": true
  },
  "aquaculture:recipes/misc/tin_can_to_iron_nugget": {
    "criteria": {
      "has_items": "2024-09-04 23:24:23 +0000"
    },
    "done": true
  },
  "mcwlights:recipes/lantern": {
    "criteria": {
      "has_wood": "2024-09-04 23:29:33 +0000"
    },
    "done": true
  },
  "aquaculture:recipes/decorations/jungle_fish_mount": {
    "criteria": {
      "has_items": "2024-09-04 23:24:23 +0000"
    },
    "done": true
  },
  "DataVersion": 3465
}